1	eaa103e1-6c5c-4b9b-8909-6cf6d4a73030
3	73d742e6-8d37-489b-9362-e3fe82c14974
4	bbf062ff-7966-43ab-9f59-3b3a0403243b
6	ae67649e-e9c5-4a8e-8b39-872163ec6dc8
7	01b9024c-4b80-4a7f-b9d5-5737ad306979
8	4f6ac8c7-58e9-437c-958c-7dfb8643941c
9	87856e5f-833b-4d65-a825-77eec2d43c8d
10	a90b0696-c262-4830-b5c5-c59a2ba54228
25	9406c964-85ba-4850-84cc-289cb6340cf2
27	c2d94625-45d7-4c10-9d14-3dfbc0d005d7
28	944334d6-3773-4914-be29-b89f75952d93
29	a07eefba-7568-4477-a424-b44c1fbd7652
30	783dae7a-9253-4145-8168-312c793b6197
31	e4808f08-7f06-4a82-be97-528b927fb0a5
33	5c8d4703-e787-474f-a5d9-be37a2716600
34	40e12dc4-89d5-449b-8694-3365b2213f2e
35	4d4ab63b-4625-475b-92cf-9b8cd89ce878
36	e46ce690-1eb7-4c35-aa23-42ffd8f8469c
