#id	cue_from	cue_to	prompt
S01	1	3	Blue-hour dawn at the front porch of a modest American suburban house, porch lamp glowing warm, front door half open, a police officer's dark uniform trousers and boots standing on the porch step, seen from behind the doorway
S02	4	7	Inside a dim hallway at dawn, a middle-aged woman's hand gripping the edge of a front door, cardboard moving boxes stacked behind her, anxious tension, cool morning light through the door
S03	8	13	On a porch at dawn, a young man's back in a sweat-soaked grey t-shirt clinging to his shoulders, worn torn sneakers on wet concrete, soft porch light
S04	14	17	A woman standing in an open front doorway seen from behind, silhouetted against a pale sunrise over a quiet suburban street, emotional stillness
S05	18	24	Quiet small town street in the American South on a summer morning, a white two-story wooden house with a porch and staircase visible through the window, oak trees, warm haze
S06	25	30	Kitchen table at night lit by a single pendant lamp, a calculator, stacked hospital bills and pill bottles, a woman's tired hands resting beside them
S07	31	39	A cordless phone lying on a cluttered kitchen counter at night beside unopened envelopes, cold blue light, sense of exhaustion and distrust
S08	40	47	Night kitchen surrounded by taped cardboard moving boxes, a woman's hand clutching a roll of packing tape, phone on the table, lonely warm lamp light
S09	48	51	A brand-new navy work shirt of a moving company hanging on a door in a small modest bedroom at night, simple and hopeful
S10	52	60	Inside an old car at night, a hand turning a key in the ignition, dark dashboard, nothing lights up, streetlight through the windshield
S11	61	70	A smartphone held in a young man's hand in a dark room, the screen glowing with a blurred abstract map route line, no readable text, quiet determination
S12	71	78	Memory scene: a humble small kitchen in a modest apartment, a mother's hands packing a lunch, worn work apron hanging on a chair, warm nostalgic tone
S13	79	84	A glass jar holding a few folded dollar bills and coins on a windowsill next to a closed school brochure with no readable text, soft morning light, a quiet dream
S14	85	91	Memory scene: an empty high school hallway with lockers in late afternoon light, long shadows, a lonely atmosphere
S15	92	96	Close-up of hands tying the laces of worn, torn sneakers on a dark front doorstep at midnight, a single porch light
S16	97	100	A wide dark city boulevard at night with long light streaks of fast cars passing, a lone small figure walking on the sidewalk far away, seen from behind
S17	101	105	Low angle close-up of worn torn sneakers walking on rough asphalt at night, dust, a distant streetlight, the road stretching into darkness
S18	106	109	A small all-night gas station counter at 2 a.m., a few coins laid out on the counter and a single bottle of water, fluorescent light
S19	110	113	A long highway overpass bridge at night, a big truck's headlights passing, a narrow pedestrian walkway, wind and motion blur
S20	114	118	A young man sitting on a curb under a streetlight at night seen from behind, head lowered, then the feeling of standing up again, quiet suburban road
S21	119	123	A police patrol car stopped on a quiet residential street at 4 a.m., red and blue lights softly reflected on parked cars, houses asleep
S22	124	132	A police officer's flashlight beam on a sidewalk at night, the officer seen from behind talking with a tired young man whose face is not visible
S23	133	135	A cozy American diner booth at dawn, a plate of pancakes and bacon and a steaming mug of coffee, warm light through the window
S24	136	139	A police car driving along an empty suburban road at first light, pale pink sky, calm and kind mood
S25	140	144	A living room in the middle of a move, a sofa with a folded blanket, cardboard boxes, gentle morning light through curtains
S26	145	151	Close-up of a young man's careful hands wrapping an old floral porcelain plate in newspaper on a kitchen counter
S27	152	155	A stack of old floral porcelain plates wrapped in newspaper in a moving box, soft warm light, tender and precious
S28	156	159	Movers carrying heavy cardboard boxes up the ramp of a moving truck in a driveway in bright morning sun, faces not visible
S29	160	165	A laptop on a kitchen table at night showing a blurred photo post, no readable text, a cup of tea beside it, warm lamp
S30	166	169	A local TV news camera on a tripod and a microphone set up on a suburban lawn, daytime, shallow depth of field
S31	170	175	A sedan driving alone on a long straight American highway through open country, afternoon sun, sense of a long journey
S32	176	180	A small outdoor gathering on a sunny parking lot, reporters with cameras and a family standing together seen from behind, warm atmosphere
S33	181	186	Close-up of a firm handshake between an older man in a sport coat and a young man in a work shirt, sunlight
S34	187	189	Close-up of an open palm holding a single car key, sunlight glinting on the metal, everything else softly blurred
S35	190	198	A young man seen from behind covering his face with both hands, shoulders shaking, sunlight, a car parked in front of him
S36	199	201	An older man's hand resting gently on a young man's shoulder, close-up from behind, warm golden light
S37	202	206	Close-up of a young man's hand holding a phone to his ear, tear-wet cheek just out of frame, bright afternoon light
S38	207	209	A living room at night lit only by a television glow, the screen showing an abstract blurred news image, no readable text, two silhouettes on a sofa
S39	210	218	A mother and her teenage son sitting on a sofa seen from behind in a calm evening room, soft lamp light, quiet understanding
S40	219	221	A kitchen shelf in a bright single-story home with old floral porcelain plates neatly displayed, morning sunlight
S41	222	226	A teenage boy stepping out of a front door early in the morning seen from behind, sneakers, a backpack, fresh dawn light
S42	227	234	Close-up of the worn sole of an old sneaker resting on a wooden floor in soft window light, symbolic and quiet
S43	235	244	Sunrise over a long suburban road, golden light, a single set of footprints on a dewy roadside, hopeful
S44	245	247	Warm golden light over a quiet small-town street at the end of the day, peaceful and gentle
