1	https://d8j0ntlcm91z4.cloudfront.net/user_33CGnfk7ei8NnGsGcL9M8ENiI4l/hf_20261009_145718_eaa103e1-6c5c-4b9b-8909-6cf6d4a73030.png
3	https://d8j0ntlcm91z4.cloudfront.net/user_33CGnfk7ei8NnGsGcL9M8ENiI4l/hf_20261009_145717_73d742e6-8d37-489b-9362-e3fe82c14974.png
4	https://d8j0ntlcm91z4.cloudfront.net/user_33CGnfk7ei8NnGsGcL9M8ENiI4l/hf_20261009_145717_bbf062ff-7966-43ab-9f59-3b3a0403243b.png
6	https://d8j0ntlcm91z4.cloudfront.net/user_33CGnfk7ei8NnGsGcL9M8ENiI4l/hf_20261009_145717_ae67649e-e9c5-4a8e-8b39-872163ec6dc8.png
7	https://d8j0ntlcm91z4.cloudfront.net/user_33CGnfk7ei8NnGsGcL9M8ENiI4l/hf_20261009_145716_01b9024c-4b80-4a7f-b9d5-5737ad306979.png
8	https://d8j0ntlcm91z4.cloudfront.net/user_33CGnfk7ei8NnGsGcL9M8ENiI4l/hf_20261009_145716_4f6ac8c7-58e9-437c-958c-7dfb8643941c.png
9	https://d8j0ntlcm91z4.cloudfront.net/user_33CGnfk7ei8NnGsGcL9M8ENiI4l/hf_20261009_145716_87856e5f-833b-4d65-a825-77eec2d43c8d.png
10	https://d8j0ntlcm91z4.cloudfront.net/user_33CGnfk7ei8NnGsGcL9M8ENiI4l/hf_20261009_145717_a90b0696-c262-4830-b5c5-c59a2ba54228.png
25	https://d8j0ntlcm91z4.cloudfront.net/user_33CGnfk7ei8NnGsGcL9M8ENiI4l/hf_20261009_145803_9406c964-85ba-4850-84cc-289cb6340cf2.png
27	https://d8j0ntlcm91z4.cloudfront.net/user_33CGnfk7ei8NnGsGcL9M8ENiI4l/hf_20261009_145815_c2d94625-45d7-4c10-9d14-3dfbc0d005d7.png
28	https://d8j0ntlcm91z4.cloudfront.net/user_33CGnfk7ei8NnGsGcL9M8ENiI4l/hf_20261009_145813_944334d6-3773-4914-be29-b89f75952d93.png
30	https://d8j0ntlcm91z4.cloudfront.net/user_33CGnfk7ei8NnGsGcL9M8ENiI4l/hf_20261009_145814_783dae7a-9253-4145-8168-312c793b6197.png
31	https://d8j0ntlcm91z4.cloudfront.net/user_33CGnfk7ei8NnGsGcL9M8ENiI4l/hf_20261009_145813_e4808f08-7f06-4a82-be97-528b927fb0a5.png
33	https://d8j0ntlcm91z4.cloudfront.net/user_33CGnfk7ei8NnGsGcL9M8ENiI4l/hf_20261009_145815_5c8d4703-e787-474f-a5d9-be37a2716600.png
34	https://d8j0ntlcm91z4.cloudfront.net/user_33CGnfk7ei8NnGsGcL9M8ENiI4l/hf_20261009_145802_40e12dc4-89d5-449b-8694-3365b2213f2e.png
35	https://d8j0ntlcm91z4.cloudfront.net/user_33CGnfk7ei8NnGsGcL9M8ENiI4l/hf_20261009_145815_4d4ab63b-4625-475b-92cf-9b8cd89ce878.png
36	https://d8j0ntlcm91z4.cloudfront.net/user_33CGnfk7ei8NnGsGcL9M8ENiI4l/hf_20261009_145817_e46ce690-1eb7-4c35-aa23-42ffd8f8469c.png
2	https://d8j0ntlcm91z4.cloudfront.net/user_33CGnfk7ei8NnGsGcL9M8ENiI4l/hf_20261009_145924_3590535d-45aa-46bc-bd7b-fb7039e0ffd0.png
5	https://d8j0ntlcm91z4.cloudfront.net/user_33CGnfk7ei8NnGsGcL9M8ENiI4l/hf_20261009_145923_55014c71-793b-477e-9804-e0c84d4e2838.png
11	https://d8j0ntlcm91z4.cloudfront.net/user_33CGnfk7ei8NnGsGcL9M8ENiI4l/hf_20261009_145923_e3830fd4-ba91-46d1-8e3c-8d4d1ad3445b.png
12	https://d8j0ntlcm91z4.cloudfront.net/user_33CGnfk7ei8NnGsGcL9M8ENiI4l/hf_20261009_145925_7d945270-6169-4eaf-91c6-be47d32ae90b.png
13	https://d8j0ntlcm91z4.cloudfront.net/user_33CGnfk7ei8NnGsGcL9M8ENiI4l/hf_20261009_145924_87868922-3ddd-4545-a23e-6b3e97f58cf5.png
14	https://d8j0ntlcm91z4.cloudfront.net/user_33CGnfk7ei8NnGsGcL9M8ENiI4l/hf_20261009_145924_9b4698f5-7905-4468-8dd4-2b1f9c3fd938.png
16	https://d8j0ntlcm91z4.cloudfront.net/user_33CGnfk7ei8NnGsGcL9M8ENiI4l/hf_20261009_145935_9a9ab55d-f8b8-4a6f-800f-fbdf07dcd8c6.png
18	https://d8j0ntlcm91z4.cloudfront.net/user_33CGnfk7ei8NnGsGcL9M8ENiI4l/hf_20261009_145934_0afbfa7d-cc42-437f-9704-d9a1b5e092ea.png
19	https://d8j0ntlcm91z4.cloudfront.net/user_33CGnfk7ei8NnGsGcL9M8ENiI4l/hf_20261009_145935_ea9e4d5e-0a96-4f8f-a641-2013f8d6f115.png
15	https://d8j0ntlcm91z4.cloudfront.net/user_33CGnfk7ei8NnGsGcL9M8ENiI4l/hf_20261009_150020_2dbc3880-4789-47ea-abfa-786f9955e9f8.png
17	https://d8j0ntlcm91z4.cloudfront.net/user_33CGnfk7ei8NnGsGcL9M8ENiI4l/hf_20261009_150018_888bb81a-3f66-4e75-9e53-9c6a8ddc28c5.png
21	https://d8j0ntlcm91z4.cloudfront.net/user_33CGnfk7ei8NnGsGcL9M8ENiI4l/hf_20261009_150020_3a5d5de1-ca75-47e2-96c1-d350649c4a8d.png
22	https://d8j0ntlcm91z4.cloudfront.net/user_33CGnfk7ei8NnGsGcL9M8ENiI4l/hf_20261009_150018_82a37c4f-575f-499c-930d-dbdb20fe8e6c.png
23	https://d8j0ntlcm91z4.cloudfront.net/user_33CGnfk7ei8NnGsGcL9M8ENiI4l/hf_20261009_150019_47171f17-4c0f-414b-bb5d-a80c508d437d.png
24	https://d8j0ntlcm91z4.cloudfront.net/user_33CGnfk7ei8NnGsGcL9M8ENiI4l/hf_20261009_150019_03f0e16c-60d6-4b55-8f1b-e40975e2238d.png
26	https://d8j0ntlcm91z4.cloudfront.net/user_33CGnfk7ei8NnGsGcL9M8ENiI4l/hf_20261009_150019_908a6330-24a3-42cf-bcd0-1c09c621f045.png
32	https://d8j0ntlcm91z4.cloudfront.net/user_33CGnfk7ei8NnGsGcL9M8ENiI4l/hf_20261009_150021_671b7f93-d939-4bcb-b66e-97f560286c6b.png
37	https://d8j0ntlcm91z4.cloudfront.net/user_33CGnfk7ei8NnGsGcL9M8ENiI4l/hf_20261009_150154_5a6bede2-07af-4780-9134-ffa3ed2eba3f.png
38	https://d8j0ntlcm91z4.cloudfront.net/user_33CGnfk7ei8NnGsGcL9M8ENiI4l/hf_20261009_150146_731e9428-4f45-41e1-a97b-5c9cffa0f475.png
39	https://d8j0ntlcm91z4.cloudfront.net/user_33CGnfk7ei8NnGsGcL9M8ENiI4l/hf_20261009_150155_cb56d267-9281-4924-b441-61b2bbd814df.png
41	https://d8j0ntlcm91z4.cloudfront.net/user_33CGnfk7ei8NnGsGcL9M8ENiI4l/hf_20261009_150147_988dd7e3-e2b7-420b-b0e1-9f9964c5405b.png
42	https://d8j0ntlcm91z4.cloudfront.net/user_33CGnfk7ei8NnGsGcL9M8ENiI4l/hf_20261009_150154_273bb388-d3ac-444c-b73a-22046f8e8ec2.png
44	https://d8j0ntlcm91z4.cloudfront.net/user_33CGnfk7ei8NnGsGcL9M8ENiI4l/hf_20261009_150149_6419987d-b776-4235-b63a-71885a365f32.png
43	https://d8j0ntlcm91z4.cloudfront.net/user_33CGnfk7ei8NnGsGcL9M8ENiI4l/hf_20261009_150147_69df6283-9f76-40ba-8e44-51ca16ad3414.png
40	https://d8j0ntlcm91z4.cloudfront.net/user_33CGnfk7ei8NnGsGcL9M8ENiI4l/hf_20261009_150153_96097bd1-8772-460f-b36d-fdfa0f726d5e.png
20	https://d8j0ntlcm91z4.cloudfront.net/user_33CGnfk7ei8NnGsGcL9M8ENiI4l/hf_20261009_150315_7dabfcd8-e3cf-47b1-9a6c-265ea33977ac.png
29	https://d8j0ntlcm91z4.cloudfront.net/user_33CGnfk7ei8NnGsGcL9M8ENiI4l/hf_20261009_150359_4c52f86d-6418-418a-b387-f70811b6b69b.png
